spec,seq,seq_stable,seq_evolving,seq_random,control_stable,control_evolving,control_random
Gamm_Ente_Esch_coli,UCCUCUCGUAAUCCUUUGGGUCUGGACCAUGAUAU,UCCUCUCG,UAAUCCUUUGGGUCUGGACC,AUGAUAU,ssssssss,uaauccuUuggGucuggAcc,rrrrrrr
Gamm_Ente_Yers_pseu,UCCUCUCGUAAUCCUAUGGCUACGCCCCGUCUGGA,UCCUCUCG,UAAUCCUAUGGCUACGCCCC,GUCUGGA,ssssssss,uaauccuauggcuACgCccc,rrrrrrr
Gamm_Ente_Pseu_arab,UCCUCUCGUUAUGAUGUAACUCUUGCGAUCAAGUG,UCCUCUCG,UUAUGAUGUAACUCUUGCGA,UCAAGUG,ssssssss,uuauGauguAacucuugcgA,rrrrrrr
Gamm_Ente_Pseu_phen,UCCUCUCGUUAUUAAGUUAUUCUUGCGUUCUACGU,UCCUCUCG,UUAUUAAGUUAUUCUUGCGU,UCUACGU,ssssssss,uuauuaAguUaUucuugcgu,rrrrrrr
Gamm_Ente_Idio_seos,UCCUCUCGCGUUGAUUUUUCUCUUGCGCCGUGGCC,UCCUCUCG,CGUUGAUUUUUCUCUUGCGC,CGUGGCC,ssssssss,cgUuGauUuuucucuugcgc,rrrrrrr
Gamm_Ente_Idio_pisc,UCCUCUCGCGAUUUUAUUUGUCUUGCGCCCAGUCC,UCCUCUCG,CGAUUUUAUUUGUCUUGCGC,CCAGUCC,ssssssss,cgauuUuAuuuGucuugcgc,rrrrrrr
Gamm_Card_Wohl_larv,UCCUCUCGUAACUAGGUGGCUGUAAGCCCGAAAUG,UCCUCUCG,UAACUAGGUGGCUGUAAGCC,CGAAAUG,ssssssss,uaaCuagguggcuguaAGcc,rrrrrrr
Alph_Acet_Acet_past,UCCUCUCGGAAUAGGGUGACGGAGGCCCUGGCCUG,UCCUCUCG,GAAUAGGGUGACGGAGGCCC,UGGCCUG,ssssssss,gaauagggUgACggaggccc,rrrrrrr
Alph_Acet_Acet_lova,UCCUCUCGGAAUAGUGAGGCGGAGGCGCCCACUGA,UCCUCUCG,GAAUAGUGAGGCGGAGGCGC,CCACUGA,ssssssss,gaauagUgaggCggaggcGc,rrrrrrr
Alph_Holo_Holo_cary,UCCUCUCGGACUGGGCGGCUGGACACCGGAAUUCG,UCCUCUCG,GACUGGGCGGCUGGACACCG,GAAUUCG,ssssssss,gaCugggcggCuggacAccg,rrrrrrr
Alph_Holo_Holo_acum,UCCUCUCGCAAUGGGCGGGAAGACGCCGUGCUCAA,UCCUCUCG,CAAUGGGCGGGAAGACGCCG,UGCUCAA,ssssssss,CaaugggcgggAAgacgccg,rrrrrrr
Alph_Rhod_Rhod_mari,UCCUCUCGGAAUUCUCGUAAGGAAGCUCAUACAGC,UCCUCUCG,GAAUUCUCGUAAGGAAGCUC,AUACAGC,ssssssss,gaauuCUcguaAggaagcuc,rrrrrrr
Alph_Rhod_Rhod_azot,UCCUCUCGGAAUUGGGGCAUGGAAGCUUCAAGGUU,UCCUCUCG,GAAUUGGGGCAUGGAAGCUU,CAAGGUU,ssssssss,gaauuggGgCauggaagcuU,rrrrrrr
