spec,seq
Alph_Acet_Acet_lova,UGAGUUUUGAUCCUGGCUCAGAGCGAACGCUGGCGGCAUGCUUAACACAUGCAAGUCGCACGAACCUUUCGGGGUUAGUGGCGGACGGGUGAGUAACGCGUAGGAAUCUGUCCACGGGUGGGGGAUAACUCUGGGAAACUGGAGCUAAUACCGCAUGAUACCUGAGGGUCAAAGGCGCAAGUCGCCUGUGGAGGAGCCUGCGUUCGAUUAGCUAGUUGGUGGGGUAAAGGCCUACCAAGGCGAUGAUCGAUAGCUGGUUUGAGAGGAUGAUCAGCCACACUGGGACUGAGACACGGCCCAGACUCCUACGGGAGGCAGCAGUGGGGAAUAUUGGACAAUGGGGGCAACCC
Alph_Acet_Acet_past,CGCACGAAGGUUUCGGCCUUAGUGGCGGACGGGUGAGUAACGCGUAGGAAUCUAUCCAUGGGUGGGGGAUAACACUGGGAAACUGGUGCUAAUACCGCAUGAUACCUGAGGGUCAAAGGCGCAAGUCGCCUGUGGAGGAGCCUGCGUUCGAUUAGCUAGUUGGUGGGGUAAAGGCCUACCAAGGCGAUGAUCGAUAGCUGGUUUGAGAGGAUGAUCAGCCACACUGGGACUGAGACACGGCCCAGACUCCUACGGGAGGCAGCAGUGGGGAAUAUUGGACAAUGGGGGCAACCCUGAUCCAGCAAUGCCGCGUGUGUGAAGAAGGUCUUCGGAUUGUAAAGCACUUUCGA
Alph_Holo_Holo_acum,CUGGCGCCUGCUUAACACAUGCAAGUCAAACGGAAAGUAGCAAUACUUUCAGUGGCAAACGGGUGAGUAACGCGUGGGAAUCUGCCUUUUGGAGGGGGACAACCGAGGGAAACCUUGGCUAAUACCGCAUAAACUUAGCAAUAAGAAAAGAUUUAUCGCCAGAAGAUGAGCCCGCGUCAGAUUAGGUAGUUGGUGGGGUAAGAGCCUACCAAGCCUACGAUCUGUAGCUGGUCUGAGAGGAUGAUCAGCCACACUGGGAUUGAGAUACGGCCCAGACUCCUACGGGAGGCAGCAGUGAGGAAUAUUGGACAAUGGGGGAAACCCUGAUCCAGCAAUGCCGCGUGAAUGAA
Alph_Holo_Holo_cary,AGAGUUUGAUCCUGGCUCAGAACAAACGCUAGCGGCAUGCUUUACACAUGCAAGUCGAACGGAGAUAGUUUACUAUCUUAGUGGCAAACGGGUGAGUAACGCGUAGGAAUCUACCUUUUAGUGGGGGAUAACCAACGGAAACGUUGGCUAAUACCGCAUAUUCUCAGAAAUGAGGAAAGAUUUAUUGCUAAAAGAUGAGCCUGCGUCAGAUUAGAUAGUUGGUGAGGUAAUGGCUCACCAAGUCAACGAUCUGUAGCUGGUCUGAGAGGAUGAUCAGCCACACUGGGAUUGAGAUACGGCCCAGACUCCUACGGGAGGCAGCAGUGGGGAAUAUUGGACAAUGGGGGAAA
Alph_Rhod_Rhod_azot,CUGGCUCAGAAUGAACGCUGGCGGCAGGCCUAACACAUGCAAGUCGAGCGAAGUCUUCGGACUUAGCGGCGGACGGGUGAGUAACGCGUGGGAACAUGCCCAAAGGUACGGAAUAGCCCCGGGAAACUGGGAGUAAUACCGUAUGUGCCCUUCGGGGGAAAGAUUUAUCGCCUUUGGAUUGGCCCGCGUUGGAUUAGGUAGUUGGUGGGGUAAUGGCCUACCAAGCCGACGAUCCAUAGCUGGUUUGAGAGGAUGAUCAGCCACACUGGGACUGAGACACGGCCCAGACUCCUACGGGAGGCAGCAGUGGGGAAUCUUAGACAAUGGGCGCAAGCCUGAUCUAGCCAUGC
Alph_Rhod_Rhod_mari,CUACGCGGCCUACCAUGCAGUCGAGCGAGACCUUCGGGUCUAGCGGCGGACGGGUGAGUAACGCGUGGGAACGUGCCCUUUGCUACGGAAUAGCCCCGGGAAACUGGGAGUAAUACCGUAUGUGCCCUUUGGGGGAAAGAUUUAUCGGCAAAGGAUCGGCCCGCGUUGGAUUAGGUAGUUGGUGGGGUAAUGGCCUACCAAGCCGACGAUCCAUAGCUGGUUUGAGAGGAUGAUCAGCCACACUGGGACUGAGACACGGCCCAGACUCCUACGGGAGGCAGCAGUGGGGAAUCUUAGACAAUGGGGGAAACCCUGAUCUAGCCAUGCCGCGUGAGCGAUGAAGGCCUUAG
Gamm_Card_Wohl_larv,AUUGAACGCUGGCGGUAUGCUUAACACAUGCAAGUCGAACGGCAGCAUGAAGGAGCUUGCUCCUUUGAUGGCGAGUGGCGGACGGGUGAGUAAUACAUAGGAAUCUGCCUUAUAGUUUGGGAUAACUACUCGAAAGAGUGGCUAAUACCGGAUGUGGACUACGGUUUAAAGCAGGGGAUCUUCGGACCUUGCGCUAUAAGAUGAGCCUAUGCAAGAUUAGCUAGUUGGUGGGGUAAAGGCCCACCAAGGCGACGAUCUUUAGCUGGUCUGAGAGGAUGAUCAGCCACACUGGGACUGAGACACGGCCCAGACUCCUACGGGAGGCAGCAGUGGGGAAUAUUGGACAAUGG
Gamm_Ente_Esch_coli,AGAAACUGCUUCUUUGCUGAGAGUGGCGGAGGGUGAGUAAUGUCUGGGAAACUGCCUGCAUGGAGGGGGGAUAACUACUGGAAACGGUAGCUAAUACCGCAUAACGUCGCAAGACCAAAGAGGGGGACCUUCGGGCCUCUUGCCAUCGGAUGUGCCCAGAUGGGAUUAGCUAGUAGGUGGGGUAACGGCUCACCUAGGCGACGAUCCCUAGCUGGUCUGAGAGGAUGACCAGCCACACUGGAACUGAGACACGGUCCAGACUCCUACGGGAGGCAGCAGUGGGGAAUAUUGCACAAUGGGCGCAAGCCUGAUGCAGCCAUGCCGCGUGUAUGAAGAAGGCCUUCGGGUUG
Gamm_Ente_Idio_pisc,GCGGCUACCAUGCAAGUCGAGCGGUAACAGAGAGAAGCUUGCUUCUCUGCUGACGAGCGGCGGACGGGUGAGUAAGACUUGGGAAUUUGCCUUUAGGCGGGGGACAACCACUGGAAACGGUGGCUAAUACCGCAUAAUGUCUACGGACCAAAGUGGGGGACCUUCGGGCCUCACACCUAAAGAUGAGCCCAAGCGGGAUUAGCUAGUUGGUGGGGUAAAGGCUCACCAAGGCGACGAUCCCUAGCUGUUCUGAGAGGAUGAUCAGCCACACUGGGACUGAGACACGGCCCAGACUCCUACGGGAGGCAGCAGUGGGGAAUAUUGCACAAUGGGGGAAACCCUGAUGCAGC
Gamm_Ente_Idio_seos,GGCGGCAGCCUACCAUGCAAGUCGAGCGGUAACAUUUCCAGCUUGCUGGAAGAUGACGAGCGGCGGACGGGUGAGUAAUACUUGGGAACUUGCCUCUAGGCGGGGGACAACCACUGGAAACGGUGGCUAAUACCGCAUAAUGUCUACGGACCAAAGUGGGGGACCUUCGGGCCUCACACCUAGAGAUGGGCCCAAGUGGGAUUAGCUAGUUGGUGAGGUAAUGGCUCACCAAGGCGACGAUCCCUAGCUGUUCUGAGAGGAUGAUCAGCCACACUGGGACUGAGACACGGCCCAGACUCCUACGGGAGGCAGCAGUGGGGAAUAUUGGACAAUGGGGGCAACCCUGAUCC
Gamm_Ente_Pseu_arab,GAGUUUGAUCCUGGCUCAGAUUGAACGCUGGCGGCAGGCCUAACACAUGCAAGUCGAGCGGAAACGAAGAGGAGCUUGCUCCUUUGGCGUCGAGCGGCGGACGGGUGAGUAAUGCUUGGGAAUGUGCCUUAUGGUGGGGGACAACAGUUGGAAACGACUGCUAAUACCGCAUAAUGUCUUCGGACCAAAGUGGGGGACCUUCGGGCCUCACGCCAUAAGAUCAGCCCAAGUGGGAUUAGCUAGUUGGUAAGGUAAUGGCUUACCAAGGCGACGAUCCCUAGCUGGUUUGAGAGGAUGAUCAGCCACACUGGGACUGAGACACGGCCCAGACUCCUACGGGAGGCAGCAGU
Gamm_Ente_Pseu_phen,CUGGCUCAGAUUGAACGCUGGCGGCAGGCCUAACACAUGCAAGUCGAGCGGUAACAUUUCUAGCUUGCUAGAAGAUGACGAGCGGCGGACGGGUGAGUAAUGCUUGGGAAUAUGCCUUAGGGUGGGGGACAACAGUUGGAAACGACUGCUAAUACCGCAUAACGUCUACGGACCAAAGGGGGCUUCGGCUCUCGCCCUUAGAUUAGCCCAAGUGGGAUUAGCUAGUUGGUGAGGUAAUGGCUCACCAAGGCGACGAUCCCUAGCUGGUUUGAGAGGAUGAUCAGCCACACUGGAACUGAGACACGGUCCAGACUCCUACGGGAGGCAGCAGUGGGGAAUAUUGCACAAUG
Gamm_Ente_Yers_pseu,AUUGAACGCUGGCGGCAGGCCUAACACAUGCAAGUCGAGCGGCAGCGGGAAGUAGUUUACUACUUUGCCGGCGAGCGGCGGACGGGUGAGUAAUGUCUGGGGAUCUGCCUGAUGGAGGGGGAUAACUACUGGAAACGGUGGCUAAUACCGCAUGACCUCGCAAGAGCAAAGUGGGGGACCUUAGGGCCUCACGCCAUCGGAUGAACCCAGAUGGGAUUAGCUAGUAGGUGGGGUAAUGGCUCACCUAGGCGACGAUCCCUAGCUGGUCUGAGAGGAUGACCAGCCACACUGGAACUGAGACACGGUCCAGACUCCUACGGGAGGCAGCAGUGGGGAAUAUUGCACAAUGG
